{
  "ServiceName": "timepulse-backend",
  "SourceConfiguration": {
    "CodeRepository": {
      "RepositoryUrl": "https://github.com/your-username/TimePulse",
      "SourceCodeVersion": {
        "Type": "BRANCH",
        "Value": "main"
      },
      "CodeConfiguration": {
        "ConfigurationSource": "API",
        "CodeConfigurationValues": {
          "Runtime": "NODEJS_20",
          "BuildCommand": "npm install",
          "StartCommand": "npm start",
          "RuntimeEnvironmentVariables": {
            "NODE_ENV": "production",
            "PORT": "5001",
            "DB_HOST": "timepulse-db.cluster-xyz.us-east-1.rds.amazonaws.com",
            "DB_PORT": "5432",
            "DB_NAME": "timepulse_db",
            "DB_USER": "postgres",
            "DB_PASSWORD": "TimePulse2024!",
            "JWT_SECRET": "your_jwt_secret_key_here",
            "CORS_ORIGIN": "https://your-amplify-app.amplifyapp.com"
          },
          "Port": "5001"
        }
      }
    },
    "AutoDeploymentsEnabled": true
  },
  "InstanceConfiguration": {
    "Cpu": "0.25 vCPU",
    "Memory": "0.5 GB"
  }
}
